CourseTitle,Description,Availability,Cost
C# Basics,In this course you will gain all the knowledge you will need to build an interactive command line program in C#. No prior programming experience is required. You'll create a program that keeps a ru...,On demand,$25/mo
Java Basics,In this course you will gain all the knowledge you will need to build an interactive command line program in Java.  No prior programming experience is required.  You will create an interactive game...,On demand,$25/mo
Mindfulness for Wellbeing and Peak Performance,"Learn mindfulness techniques to reduce stress and improve performance 

 Stressed by the pace of modern life? Mindfulness might be the answer.  Research shows that when you’re not deliberately payi...",Upcoming,Free
Introduction to Probability - The Science of Uncertainty,"The world is full of uncertainty: accidents, storms, unruly financial markets, noisy communications. The world is also full of data. Probabilistic modeling and the related field of statistical infe...",On demand,Free
Existential Well-being Counseling: A Person-centered Experiential Approach,"This humanities course offers you the opportunity to explore what really matters in life and teaches you how to nurture your well-being and enhance the well-being of others. 

 We will address th...",On demand,Free
sec.edu - Security Engineering - Applied Cyber Security,"UNSW in proud partnership with the CBA are releasing a sequence of public courses in cyber security, under the banner of the SecEDU  'Security Engineering Capability' program.   
 The first course ...",On demand,Free
Foundations of Computer Science for Teachers,"Thinking about teaching Computer Science, or incorporating CS into a subject you already teach? CS skills are fundamental to student success and you can teach it! 

 This course is intended for p...",On demand,Free
The Ancient Greek Hero in 24 Hours,"Explore what it means to be human today by studying what it meant to be a hero in ancient Greek times. 
 
In this introduction to ancient Greek culture and literature, learners will experience, i...",On demand,Free
The Science of Gastronomy,"This course introduces a number of basic scientific principles underpinning the methodology of cooking, food preparation and the enjoyment of food. All topics covered have a strong basis in biology...",Upcoming,Free
Chinese Thought: Ancient Wisdom Meets Modern Science - Part 2,"This course is designed to give students a thorough introduction to early (pre-221 BCE) Chinese thought, its contemporary implications, and the role of religion in human well-being. Important theme...",Upcoming,Free
4G Network Essentials,"4G is the cutting-edge network technology that links millions of smartphones to the internet. But how does it actually work? 

 Ideal for network engineers, sales engineers, application developer...",On demand,Free
Computation Structures - Part 1: Digital Circuits,"Digital systems are at the heart of the information age in which we live, allowing us to store, communicate and manipulate information quickly and reliably. This computer science course is a bottom...",On demand,Free
Ecodesign for Cities and Suburbs,"Too often modern cities and suburbs are disorganized places where most new development makes daily life less pleasant, creates more traffic congestion, and contributes to climate change. This trend...",In Session,Free
Build a Modern Computer from First Principles: From Nand to Tetris (Project-Centered Course),"What you’ll achieve:
In this project-centered course* you will build a modern computer system, from the ground up. We’ll divide this fascinating journey into six hands-on projects that will take yo...",Upcoming,Free
Reconciliation Through Indigenous Education,"This course will help you envision how Indigenous histories, perspectives, worldviews, and approaches to learning can be made part of the work we do in classrooms, organizations, communities, and o...",Upcoming,Free
Lessons from Ebola: Preventing the Next Pandemic,"Like no other event in recent history, the 2014 Ebola outbreak has made clear the fragility of existing health systems. While responding to the current epidemic is critical, we also have an opportu...",On demand,Free
Quantum Mechanics for Everyone,Quantum Mechanics for Everyone is a four-week long MOOC that teaches the basic ideas of quantum mechanics with a method that requires no complicated math beyond taking square roots (and you can use...,In Session,Free
Justice,"Taught by lauded Harvard professor Michael Sandel, Justice explores critical analysis of classical and contemporary theories of justice, including discussion of present-day applications. Topics inc...",In Session,Free
"Bioethics: The Law, Medicine, and Ethics of Reproductive Technologies and Genetics","Bioethics provides an overview of the legal, medical, and ethical questions around reproduction and human genetics and how to apply legal reasoning to these questions. 

 This law course includes...",In Session,Free
Communicating Corporate Social Responsibility (CSR),"Driven by global crises in financial, economic, and governance systems, companies all over the world devote massive resources to their corporate social responsibility (CSR). But what is CSR? What d...",On demand,Free
Astrophysics: The Violent Universe,"Interested in exploring the deadliest and most mysterious parts of our universe? Or, investigating black holes, which warp the very fabric of space-time around them? 

 We will look at what we kn...",In Session,Free
Humanity and Nature in Chinese Thought | 中国哲学思想中的人类与自然观,"We make ethical or behaviour guiding right / wrong judgments all the time but have you ever wondered where Ethics comes from, what it is about and why it is important? This course provides an intro...",On demand,Free
"Introduction to Philosophy: God, Knowledge and Consciousness","This philosophy course has two goals. The first goal is to introduce you to the things that philosophers think about. We will look at some perennial philosophical problems: 

 
	 Is there a God?...",On demand,Free
Hubungan Etnik (Taylor's University),"Malaysia merupakan sebuah negara yang memiliki pelbagai etnik dan perpaduan adalah sangat penting untuk kestabilan politik, sosial dan ekonomi. Setiap warga Malaysia harus memiliki sikap toleransi ...",On demand,Free
United States Health Policy,"Many Americans complain that they do not understand the U.S. health reform law called the Affordable Care Act (or Obamacare). They are right, and the main reason is because most Americans do not un...",On demand,Free
Greatest Unsolved Mysteries of the Universe,"Despite spectacular recent progress, there is still a lot we don't know about our universe. We don't know why the Big Bang happened. We don't know what most of the universe is made of. We don't kno...",In Session,Free
Calculus 1A: Differentiation,How does the final velocity on a zip line change when the starting point is raised or lowered by a matter of centimeters?&nbsp; What is the accuracy of a GPS position measurement?&nbsp; How fast sh...,On demand,Free
Philosophy: Minds and Machines,"What is the relationship between the mind and the body? Can computers think? Do we perceive reality as it is? Can there be a science of consciousness? 

 This course explores these questions and ...",On demand,Free
Business Communications,"This course, part of the Business Fundamentals MicroMasters program, will sharpen your writing, presentation, and interpersonal communication skills to help you succeed in the business world. You w...",Upcoming,Free
Mechanics: Kinematics and Dynamics,"Mechanics is the study of the physics of motion and how it relates to applied forces. It lays the foundation of understanding the world around us through the how and why of motion. 

 This physic...",In Session,Free
Energy Within Environmental Constraints,"If you would like to be notified when Version 2 of Energy becomes available, please  fill out this notification form . Version 1 is currently in ""archive"" mode, and certificates are no longer avail...",On demand,Free
Supply Chain Management: A Decision-Making Framework,"In this business and management course, you’ll learn how make effective supply chain decisions that take into consideration all aspects of your business. 

 The course will take a helicopter view...",Upcoming,Free
Cyber Security Basics: A Hands-on Approach,"Are you tired of hearing that your computer has a virus? Or that your email account has been hacked? Now, is the time for you to protect yourself by understanding the basics of cyber security. 

...",On demand,Free
Positive Behavior Support for Young Children,"This course is offered in an experimental format. Students are welcome to audit the course, and participate in all course activities. Certificates will not be issued.  

 Many early childhood edu...",On demand,Free
Machine Learning for Data Science,"Do you want to build systems that learn from experience? Or exploit data to create simple predictive models of the world? 
 
In this course, part of the Data Science MicroMasters program, you wil...",Upcoming,Free
Introduction to Biology - The Secret of Life,Read fully to understand the verified-certificate option.  Join Professor Eric Lander and the MITx Biology team in this unique introductory biology learning experience. All 7.00x course materials a...,In Session,Free
Management Accounting for Decision Making,"Across organizations, managers are expected to have sound knowledge of finance and accounting. As part of their job, managers use large volumes of information produced by accounting systems to make...",On demand,Free
Circuits and Electronics 1: Basic Circuit Analysis,"Want to learn about circuits and electronics, but unsure where to begin? Wondering how to make computers run faster or your mobile phone battery last longer? This free circuit course taught by edX ...",In Session,Free
Readings in Global Health,"How do health professionals predict global patterns of disease? In the case of an epidemic, disaster, or armed conflict, how do experts determine what health care interventions to use? Is it possib...",On demand,Free
Principles of Biochemistry,Principles of Biochemistry integrates an introduction to the structure of macromolecules and a biochemical approach to cellular function. Topics addressing protein function will include enzyme kine...,In Session,Free
Stand up for Science: Practical Approaches to Discussing Science that Matters,"Everyone - non-scientists and scientists alike - has some form of expertise, but communicating across a gap in knowledge or experience is challenging. In this Teach-Out, we address this challenge b...",On demand,Free
Linear Algebra - Foundations to Frontiers,"Linear Algebra: Foundations to Frontiers (LAFF) is packed full of challenging, rewarding material that is essential for mathematicians, engineers, scientists, and anyone working with large datasets...",On demand,Free
Foundations of Data Analysis - Part 1: Statistics Using R,"In this first part of a two part course, we’ll walk through the basics of statistical thinking – starting with an interesting question. Then, we’ll learn the correct statistical tool to help answer...",On demand,Free
Communication Acoustics,"In this engineering course, we will cover all aspects of communication acoustics, which is the way sounds travels from a source, through a channel and finally to a receiver. We will look at the dif...",On demand,Free
Python Data Science Toolbox (Part 2),"In this second course in the Python Data Science Toolbox, you'll continue to build your Python Data Science skills. First you'll enter the wonderful world of iterators, objects that you have alread...",On demand,$29/mo
Introductory AP® Microeconomics,"Want to learn how individuals and businesses make the decisions that drive our economy - and use those skills to ace the Microeconomics AP®&nbsp;exam? This is the course for you! 

 This economic...",In Session,Free
Sustainable Urban Development,"Did you know that cities take up less than 3% of the earth’s land surface, but more than 50% of the world’s population live in them? And, cities generate more than 70% of the global emissions? Larg...",In Session,Free
Introduction to DevOps: Transforming and Improving Operations,"""Introduction to DevOps: Transforming and Improving Operations” aims to help you develop a good working knowledge of the concept of DevOps, covering the foundation, principles, and practices of Dev...",In Session,Free
Space Mission Design and Operations,"Space exploration is truly fascinating. From Sputnik to the Apollo, followed by the assembly and exploitation of the International Space Station and the successful operation of the Hubble Space Tel...",On demand,Free
Data Structures and Software Design,"Knowing how to code is only part of the skills needed to become a professional software developer. 

 This course, part of the CS Essentials for Software Development Professional Certificate prog...",In Session,Free
C# Basics,In this course you will gain all the knowledge you will need to build an interactive command line program in C#. No prior programming experience is required. You'll create a program that keeps a ru...,On demand,$25/mo
Java Basics,In this course you will gain all the knowledge you will need to build an interactive command line program in Java.  No prior programming experience is required.  You will create an interactive game...,On demand,$25/mo
Mindfulness for Wellbeing and Peak Performance,"Learn mindfulness techniques to reduce stress and improve performance 

 Stressed by the pace of modern life? Mindfulness might be the answer.  Research shows that when you’re not deliberately payi...",Upcoming,Free
Introduction to Probability - The Science of Uncertainty,"The world is full of uncertainty: accidents, storms, unruly financial markets, noisy communications. The world is also full of data. Probabilistic modeling and the related field of statistical infe...",On demand,Free
Existential Well-being Counseling: A Person-centered Experiential Approach,"This humanities course offers you the opportunity to explore what really matters in life and teaches you how to nurture your well-being and enhance the well-being of others. 

 We will address th...",On demand,Free
sec.edu - Security Engineering - Applied Cyber Security,"UNSW in proud partnership with the CBA are releasing a sequence of public courses in cyber security, under the banner of the SecEDU  'Security Engineering Capability' program.   
 The first course ...",On demand,Free
Foundations of Computer Science for Teachers,"Thinking about teaching Computer Science, or incorporating CS into a subject you already teach? CS skills are fundamental to student success and you can teach it! 

 This course is intended for p...",On demand,Free
The Ancient Greek Hero in 24 Hours,"Explore what it means to be human today by studying what it meant to be a hero in ancient Greek times. 
 
In this introduction to ancient Greek culture and literature, learners will experience, i...",On demand,Free
The Science of Gastronomy,"This course introduces a number of basic scientific principles underpinning the methodology of cooking, food preparation and the enjoyment of food. All topics covered have a strong basis in biology...",Upcoming,Free
Chinese Thought: Ancient Wisdom Meets Modern Science - Part 2,"This course is designed to give students a thorough introduction to early (pre-221 BCE) Chinese thought, its contemporary implications, and the role of religion in human well-being. Important theme...",Upcoming,Free
4G Network Essentials,"4G is the cutting-edge network technology that links millions of smartphones to the internet. But how does it actually work? 

 Ideal for network engineers, sales engineers, application developer...",On demand,Free
Computation Structures - Part 1: Digital Circuits,"Digital systems are at the heart of the information age in which we live, allowing us to store, communicate and manipulate information quickly and reliably. This computer science course is a bottom...",On demand,Free
Ecodesign for Cities and Suburbs,"Too often modern cities and suburbs are disorganized places where most new development makes daily life less pleasant, creates more traffic congestion, and contributes to climate change. This trend...",In Session,Free
Build a Modern Computer from First Principles: From Nand to Tetris (Project-Centered Course),"What you’ll achieve:
In this project-centered course* you will build a modern computer system, from the ground up. We’ll divide this fascinating journey into six hands-on projects that will take yo...",Upcoming,Free
Reconciliation Through Indigenous Education,"This course will help you envision how Indigenous histories, perspectives, worldviews, and approaches to learning can be made part of the work we do in classrooms, organizations, communities, and o...",Upcoming,Free
Lessons from Ebola: Preventing the Next Pandemic,"Like no other event in recent history, the 2014 Ebola outbreak has made clear the fragility of existing health systems. While responding to the current epidemic is critical, we also have an opportu...",On demand,Free
Quantum Mechanics for Everyone,Quantum Mechanics for Everyone is a four-week long MOOC that teaches the basic ideas of quantum mechanics with a method that requires no complicated math beyond taking square roots (and you can use...,In Session,Free
Justice,"Taught by lauded Harvard professor Michael Sandel, Justice explores critical analysis of classical and contemporary theories of justice, including discussion of present-day applications. Topics inc...",In Session,Free
"Bioethics: The Law, Medicine, and Ethics of Reproductive Technologies and Genetics","Bioethics provides an overview of the legal, medical, and ethical questions around reproduction and human genetics and how to apply legal reasoning to these questions. 

 This law course includes...",In Session,Free
Communicating Corporate Social Responsibility (CSR),"Driven by global crises in financial, economic, and governance systems, companies all over the world devote massive resources to their corporate social responsibility (CSR). But what is CSR? What d...",On demand,Free
Astrophysics: The Violent Universe,"Interested in exploring the deadliest and most mysterious parts of our universe? Or, investigating black holes, which warp the very fabric of space-time around them? 

 We will look at what we kn...",In Session,Free
Humanity and Nature in Chinese Thought | 中国哲学思想中的人类与自然观,"We make ethical or behaviour guiding right / wrong judgments all the time but have you ever wondered where Ethics comes from, what it is about and why it is important? This course provides an intro...",On demand,Free
"Introduction to Philosophy: God, Knowledge and Consciousness","This philosophy course has two goals. The first goal is to introduce you to the things that philosophers think about. We will look at some perennial philosophical problems: 

 
	 Is there a God?...",On demand,Free
Hubungan Etnik (Taylor's University),"Malaysia merupakan sebuah negara yang memiliki pelbagai etnik dan perpaduan adalah sangat penting untuk kestabilan politik, sosial dan ekonomi. Setiap warga Malaysia harus memiliki sikap toleransi ...",On demand,Free
United States Health Policy,"Many Americans complain that they do not understand the U.S. health reform law called the Affordable Care Act (or Obamacare). They are right, and the main reason is because most Americans do not un...",On demand,Free
Greatest Unsolved Mysteries of the Universe,"Despite spectacular recent progress, there is still a lot we don't know about our universe. We don't know why the Big Bang happened. We don't know what most of the universe is made of. We don't kno...",In Session,Free
Calculus 1A: Differentiation,How does the final velocity on a zip line change when the starting point is raised or lowered by a matter of centimeters?&nbsp; What is the accuracy of a GPS position measurement?&nbsp; How fast sh...,On demand,Free
Philosophy: Minds and Machines,"What is the relationship between the mind and the body? Can computers think? Do we perceive reality as it is? Can there be a science of consciousness? 

 This course explores these questions and ...",On demand,Free
Business Communications,"This course, part of the Business Fundamentals MicroMasters program, will sharpen your writing, presentation, and interpersonal communication skills to help you succeed in the business world. You w...",Upcoming,Free
Mechanics: Kinematics and Dynamics,"Mechanics is the study of the physics of motion and how it relates to applied forces. It lays the foundation of understanding the world around us through the how and why of motion. 

 This physic...",In Session,Free
Energy Within Environmental Constraints,"If you would like to be notified when Version 2 of Energy becomes available, please  fill out this notification form . Version 1 is currently in ""archive"" mode, and certificates are no longer avail...",On demand,Free
Supply Chain Management: A Decision-Making Framework,"In this business and management course, you’ll learn how make effective supply chain decisions that take into consideration all aspects of your business. 

 The course will take a helicopter view...",Upcoming,Free
Cyber Security Basics: A Hands-on Approach,"Are you tired of hearing that your computer has a virus? Or that your email account has been hacked? Now, is the time for you to protect yourself by understanding the basics of cyber security. 

...",On demand,Free
Positive Behavior Support for Young Children,"This course is offered in an experimental format. Students are welcome to audit the course, and participate in all course activities. Certificates will not be issued.  

 Many early childhood edu...",On demand,Free
Machine Learning for Data Science,"Do you want to build systems that learn from experience? Or exploit data to create simple predictive models of the world? 
 
In this course, part of the Data Science MicroMasters program, you wil...",Upcoming,Free
Introduction to Biology - The Secret of Life,Read fully to understand the verified-certificate option.  Join Professor Eric Lander and the MITx Biology team in this unique introductory biology learning experience. All 7.00x course materials a...,In Session,Free
Management Accounting for Decision Making,"Across organizations, managers are expected to have sound knowledge of finance and accounting. As part of their job, managers use large volumes of information produced by accounting systems to make...",On demand,Free
Circuits and Electronics 1: Basic Circuit Analysis,"Want to learn about circuits and electronics, but unsure where to begin? Wondering how to make computers run faster or your mobile phone battery last longer? This free circuit course taught by edX ...",In Session,Free
Readings in Global Health,"How do health professionals predict global patterns of disease? In the case of an epidemic, disaster, or armed conflict, how do experts determine what health care interventions to use? Is it possib...",On demand,Free
Principles of Biochemistry,Principles of Biochemistry integrates an introduction to the structure of macromolecules and a biochemical approach to cellular function. Topics addressing protein function will include enzyme kine...,In Session,Free
Stand up for Science: Practical Approaches to Discussing Science that Matters,"Everyone - non-scientists and scientists alike - has some form of expertise, but communicating across a gap in knowledge or experience is challenging. In this Teach-Out, we address this challenge b...",On demand,Free
Linear Algebra - Foundations to Frontiers,"Linear Algebra: Foundations to Frontiers (LAFF) is packed full of challenging, rewarding material that is essential for mathematicians, engineers, scientists, and anyone working with large datasets...",On demand,Free
Foundations of Data Analysis - Part 1: Statistics Using R,"In this first part of a two part course, we’ll walk through the basics of statistical thinking – starting with an interesting question. Then, we’ll learn the correct statistical tool to help answer...",On demand,Free
Communication Acoustics,"In this engineering course, we will cover all aspects of communication acoustics, which is the way sounds travels from a source, through a channel and finally to a receiver. We will look at the dif...",On demand,Free
Python Data Science Toolbox (Part 2),"In this second course in the Python Data Science Toolbox, you'll continue to build your Python Data Science skills. First you'll enter the wonderful world of iterators, objects that you have alread...",On demand,$29/mo
Introductory AP® Microeconomics,"Want to learn how individuals and businesses make the decisions that drive our economy - and use those skills to ace the Microeconomics AP®&nbsp;exam? This is the course for you! 

 This economic...",In Session,Free
Sustainable Urban Development,"Did you know that cities take up less than 3% of the earth’s land surface, but more than 50% of the world’s population live in them? And, cities generate more than 70% of the global emissions? Larg...",In Session,Free
Introduction to DevOps: Transforming and Improving Operations,"""Introduction to DevOps: Transforming and Improving Operations” aims to help you develop a good working knowledge of the concept of DevOps, covering the foundation, principles, and practices of Dev...",In Session,Free
Space Mission Design and Operations,"Space exploration is truly fascinating. From Sputnik to the Apollo, followed by the assembly and exploitation of the International Space Station and the successful operation of the Hubble Space Tel...",On demand,Free
Data Structures and Software Design,"Knowing how to code is only part of the skills needed to become a professional software developer. 

 This course, part of the CS Essentials for Software Development Professional Certificate prog...",In Session,Free
American Government,"American politics has all the aspects of drama, but it has real meaning for people’s everyday lives. 

 What are the foundations of the U.S. political system? How do leading institutions such as ...",In Session,Free
PH556X: Practical Improvement Science in Health Care: A Roadmap for Getting Results,"Developed through a collaboration between HarvardX and the Institute for Healthcare Improvement,&nbsp; PH 556x: Practical Improvement Science in Health Care: A roadmap for getting results &nbsp;wil...",On demand,Free
A History of Violence: From Middle Ages to Modern Times,"What is violence? What do we mean by it? Is it innate or learned? Are we becoming more or less violent? 
 
These are all questions that we will ask throughout this course. A History of Violence w...",Upcoming,Free
Computer Networking - Local Area Networks and the OSI Model,The free online course Computer Networking - Local Area Networks and the OSI Model introduces the key devices found on local area networks (LANs) and the structure of different types of LANs. It al...,On demand,Free
International Humanitarian Law,"Armed conflicts have always existed all over the world. Unfortunately, recent events have shown that this phenomenon is becoming increasingly complex, especially with respect to certain legal issue...",Upcoming,Free
Improving Global Health: Focusing on Quality and Safety,"We are at a critical inflection point in global health. We have seen improvements in access to care, but struggle to improve human health. A key component of this equation is quality of care. 

 ...",On demand,Free
HTML5 Coding Essentials and Best Practices,"HTML5 is the standard language of the Web, developed by W3C. For application developers and industry, HTML5 represents a set of features that people will be able to rely on for years to come. HTML5...",In Session,Free
"Introduction to Mechanics, Part 1",This course is an introduction to mechanics and follows a standard first-semester university physics course. You will learn fundamental mechanics concepts and mathematical problem solving required ...,Upcoming,Free
Python for Data Science,"In the information age, data is all around us. Within this data are answers to compelling questions across many societal domains (politics, business, science, etc.).&nbsp;But if you had access to a...",In Session,Free
Shakespeare: On the Page and in Performance,Shakespeare wrote for a popular audience and was immensely successful. Shakespeare is also rightly regarded as one of the greatest playwrights the world has known. This course will try to understan...,On demand,Free
"Question Reality! Science, philosophy, and the search for meaning","Clique aqui​  para a versão em português.  

 How much can we know of the physical world? Can we know everything? Or are there fundamental limits to how much we can explain? If there are limits, ...",On demand,Free
Paradigms of Computer Programming – Fundamentals,"Louv1.1x and  Louv1.2x  together give an introduction to all major programming concepts, techniques, and paradigms in a unified framework. We cover the three main programming paradigms: functional,...",Upcoming,Free
Introduction to Public Speaking,"This course is being offered in an experimental format. Students are welcome to audit the course, and participate in all course activities.  Certificates will not be issued.   

 This course is d...",On demand,Free
Underactuated Robotics,"Robots today move far too conservatively, using control systems that attempt to maintain full control authority at all times. Humans and animals move much more aggressively by routinely executing m...",On demand,Free
Introduction to Data Analysis using Excel,The ability to analyze data is a powerful skill that helps you make better decisions. Microsoft Excel is one of the top tools for data analysis and the built-in pivot tables are arguably the most p...,Upcoming,Free
Introduction to Bootstrap – A Tutorial,"This course is part of the&nbsp; Microsoft Professional Program Certificate in Front-End Web Development . 

 Bootstrap is an open source project originally created by Twitter to enable creation ...",Upcoming,Free
Basic Spanish 1: Getting Started,This 7-week Spanish language course is aimed at students who would like to learn conversational Spanish starting with Spanish basics. The course introduces everyday language and includes activities...,In Session,Free
Learn to Program Using Python,"Interested in learning a computer programming language but unsure of how and where to begin? This course,   Learn to Program Using Python  , is a great place to start. 

 Python is an easy and fu...",On demand,Free
Foundations of Development Policy: Advanced Development Economics,"This course is part of the MITx MicroMasters program in Data, Economics, and Development Policy (DEDP). To audit this course, click “Enroll Now” in the green button at the top of this page.   

 ...",Upcoming,Free
Industry 4.0: How to Revolutionize your Business,"We have witnessed the power of mechanization in the early nineteen century, automation in the seventies, information and the internet in the last decades. &nbsp;But now, the adaptation of connected...",Upcoming,Free
Introduction to Marketing: Tools to Set Enterprises Apart,"Want to learn how successful businesses use marketing to increase revenue, share and profitability?&nbsp; 

 In an increasingly competitive market, marketing skills are vital to help organization...",Upcoming,Free
Science & Cooking: From Haute Cuisine to Soft Matter Science (part 2),"In Part 2 of Science and Cooking (Part 1 is available  here ), we will be visited by more world-famous chefs who use a number of different styles and techniques in their cooking.&nbsp; Each chef wi...",In Session,Free
Portfolio Management & Governance,"What is a PMO, and how does it work? 

 This course focuses on the Project Management Office (PMO) and the governance techniques used to monitor and control the delivery of projects and programs....",In Session,Free
Contract Law: From Trust to Promise to Contract,"Learn about contracts from Harvard Law Professor Charles Fried, one of the world’s leading authorities on contract law. Contracts are promises that the law will enforce. But when will the law refus...",In Session,Free
The Computing Technology Inside Your Smartphone,"We use our smartphones to communicate, to organize our lives, to find information, and to entertain ourselves. All of this is possible because a smartphone contains a powerful computer processor, w...",On demand,Free
Introduction to the Electrical Trade,Modern-day life is heavily dependent on electric power. Our technologically driven world comes to a standstill when there is any disruption to this form of energy. In order for our everyday lives t...,On demand,Free
Accounting for Decision-Making,"In order for a manager to effectively perform their role they must have an understanding of accounting information, as accounting systems generate information that is used by both internal and exte...",In Session,Free
Introduction to Marketing,"Marketing is a crucial function in all businesses and organizations, and is becoming increasingly crucial to success in our modern global economy. This course, regardless of your industry backgroun...",Upcoming,Free
Get Beyond Work-Life Balance (Inclusive Leadership Training),Do you ever struggle to manage work and the rest of your life? You are not alone. Men and women all over the world are trying to figure out the impossible work-life “balance” and instead achieve su...,In Session,Free
Forensic Engineering: Learning from Failures,"What do collapsed buildings, infected hospital patients, and crashed airplanes have in common? If you know the causes of these events and conditions, they can all be prevented. 

 In this course,...",Upcoming,Free
Data Science: R Basics,"The unprecedented advance in digital technology during the second half of the 20th century has produced a measurement revolution that is transforming the world.&nbsp;However, interpreting informati...",Upcoming,Free
"Programming Languages, Part C","[As described below, this is Part C of a 3-part course.  Participants should complete Parts A and B first -- Part C ""dives right in"" and refers often to material from Part A and Part B.]

This cour...",Upcoming,Free
Health Literacy and Communication for Health Professionals,"In the United States, two-thirds of the population read at an eighth-grade level or below. When it comes to health information, most Americans have the ability to read and write at the fifth-grade ...",Upcoming,Free
Sharpened Visions: A Poetry Workshop,Why just write poems when you can write better ones? This course is built on the notion that the most exciting writing begins after the first draft. It is specifically for folks who believe that wr...,Upcoming,Free
Grammar and Punctuation,"Course 1: Grammar and Punctuation

Do you need to review English grammar? Have you forgotten the grammar you once studied? If so, this course is perfect for you.

The first course in this specializ...",Upcoming,Free
Music as Biology: What We Like to Hear and Why,"The course will explore the tone combinations that humans consider consonant or dissonant, the scales we use, and the emotions music elicits, all of which provide a rich set of data for exploring m...",Upcoming,Free
Mastering Jobs-to-be-Done Interviews,"Add Jobs-to-be-Done to Your Bag of Tricks   You'll learn using actual interviews that we've conducted with consumers who have bought things like laptop bags, mattresses, and bottles of wine. After ...",On demand,$300
Supply Chain Fundamentals,"This Supply Chain Fundamentals course is part of the  MITx MicroMasters Credential in Supply Chain Management , offered by #1 ranked SCM Master's program at the Massachusetts Institute of Technolog...",Upcoming,Free
Programming in Scratch,"“Although many of the programs designed to teach kids to code are very simplistic, many of them, like Scratch, are suitable for all ages. It doesn't matter how old you are…Get started with the basi...",On demand,Free
Launching Innovation in Schools,"Every great teacher and every great school constantly work towards creating better learning conditions for students. Just as we hope our students become lifelong learners, we as educators should be...",Upcoming,Free
Paradigms of Computer Programming – Abstraction and Concurrency,"Louv1.2x and its predecessor&nbsp; Louv1.1x &nbsp;together&nbsp;give an introduction to all major programming concepts, techniques, and paradigms in a unified framework. We cover the three main pro...",Upcoming,Free
Introduction to Managerial Economics,"A successful manager makes good decisions. To make good decisions, you need to understand the market forces that impact your business and personal life. This is true for managers in large multinati...",In Session,Free
Urban Design for the Public Good: Dutch Urbanism,"Are you an urban planner, designer, policy maker or involved or interested in the creation of good living environments? 

 This course will broaden your scope and diversify your take on the field...",On demand,Free
AP® Macroeconomics,"Learn key concepts and AP® Macroeconomics material from top AP instructors, including many of the same high school teachers and college faculty who helped design the AP curriculum in partnership wi...",In Session,Free
Programming for Everybody (Python),This course aims to teach everyone to learn the basics of programming computers using Python. The course has no pre-requisites and avoids all but the simplest mathematics. Anyone with moderate comp...,On demand,Free
Cell Biology: Mitochondria,"The cell is a powerful case study to help us explore the functional logic of living systems. All organisms, from single-celled algae to complex multicellular organisms like us, are made up of cells...",On demand,Free
Design: Creation of Artifacts in Society,"This is a course aimed at making you a better designer. The course marries theory and practice, as both are valuable in improving design performance. Lectures and readings will lay out the fundamen...",Upcoming,Free
Computer Science 101,Introduction to Computer Science for a zero-prior-experience audience. Play with little phrases of code to understand what computers are all about.,TBA,Free
Global History Lab,"In this global history course, you will learn not just by reading and watching lectures, but also by analyzing historical documents and applying your knowledge. The core of this course is a series ...",In Session,Free
Introduction to Control System Design - A First Look,"Have you wondered about the design strategies behind temperature controllers, quad-copters, or self-balancing scooters? Are you interested in robotics, and have heard of, or tried, “line-following""...",On demand,Free
"Responsible Innovation: Ethics, Safety and Technology","There is no doubt that technological innovation is one of the key elements driving human progress. However, new technologies raise ethical questions, have serious implications for society and the e...",On demand,Free
The Opioid Crisis in America,"Opioids are part of a drug class that includes the illegal drug heroin as well as powerful pain relievers, such as oxycodone, hydrocodone, codeine, morphine, fentanyl, and many others. In 2015 more...",In Session,Free
Introduction to Linear Models and Matrix Algebra,"Matrix Algebra underlies many of the current tools for experimental design and the analysis of high-dimensional data. In this introductory data analysis course, we will use matrix algebra to repres...",In Session,Free
AP® Spanish Language and Culture,"Do you want to take the AP Spanish exam, but your school doesn’t offer a Spanish language course? Are you looking for a way to get more practice with and exposure to the AP Spanish exam in general?...",On demand,Free
Open Government,"How can governments become more open and transparent, while simultaneously dealing with various challenges, such as data sensitivity? How can open government data be&nbsp;made available&nbsp;to imp...",On demand,Free
Introduction to Data Storage and Management Technologies,"Technology trends such as shared-service infrastructures, cloud computing, Big Data, and the Internet of Things are all changing the way data is processed, stored, and used in enterprises. There is...",On demand,Free
Policy Analysis Using Interrupted Time Series,Interrupted time series analysis and regression discontinuity designs are two of the most rigorous ways to evaluate policies with routinely collected data. ITSx comprehensively introduces analysts ...,In Session,Free
Hacking PostgreSQL: Data Access Methods,"This course is about data storage and data processing technologies with examples from PostgreSQL. It is geared toward database core developers, operation systems developers, system architects, and ...",Upcoming,Free
Proteins: Biology's Workforce,"Protein is found in virtually every part of your body. At least 10,000 different proteins make you what you are and keep you that way. 

 In this biology course you will learn how proteins drive ...",In Session,Free
Introduction to Data Wise: A Collaborative Process to Improve Learning & Teaching,"Educators have an ever-increasing stream of data at their fingertips, but knowing&nbsp; how &nbsp;to use this data to improve learning and teaching — how to make it less overwhelming, more useful, ...",In Session,Free
Supply Chain Dynamics,"Supply Chains are complex systems involving multiple firms and organizations with different goals and objectives.&nbsp;Additionally, there are external forces and trends that can impact (positively...",Upcoming,Free
A Hands-on Introduction to Engineering Simulations,"In this hands-on course, you’ll learn how to perform engineering simulations using a powerful tool from ANSYS, Inc. This is a problem-based course where you’ll learn by doing. The focus will be on ...",In Session,Free
China (Part 5): From a Global Empire under the Mongols to a Global Economy under the Ming Dynasty,"China (Part 5): From a Global Empire under the Mongols to a Global Economy under the Ming Dynasty &nbsp;is the fifth of ten parts of ChinaX, that collectively span over 6,000 years of history. Each...",On demand,Free
Hong Kong Cinema through a Global Lens | 全球化下的香港电影,"Hong Kong Cinema has a global reach. Let’s explore how it reached you… Perhaps you know the films of martial arts icons Bruce Lee and Jackie Chan or the heroic bloodshed films of John Woo. 

 Per...",In Session,Free
Leaders of Learning,"All of us carry explicit or implicit theories of learning. They manifest themselves in the ways we learn, the ways we teach, and the ways we think about leadership and learning. 

 In Leaders of ...",In Session,Free
CLEP® American Government Book + Online,Earn College Credit with REA's Test Prep for CLEP&#174; American Government  Everything you need to pass the exam and get the college credit you deserve.   CLEP&#174; is the most popular credit-by-...,On demand,$34.95
Introduction to Algebra,"We live in a world of numbers. You see them every day: on clocks, in the stock market, in sports, and all over the news. Algebra is all about figuring out the numbers you&nbsp; don't &nbsp;see. You...",In Session,Free
Chinese Thought: Ancient Wisdom Meets Modern Science - Part 1,"This course is designed to give students a thorough introduction to early (pre-221 BCE) Chinese thought, its contemporary implications, and the role of religion in human well-being. Important theme...",In Session,Free
Principles of Electric Circuits | 电路原理,"Principles of Electric Circuits (20220214x) is one of the kernel courses in the broad EECS subjects. Almost all the required courses in EECS are based on the concepts learned in this course, so it’...",On demand,Free
AP® Physics 2 -  Part 3: Optics and Modern Physics,Preparing for the AP Physics 2 exam requires a deep understanding of many different topics in physics as well as an understanding of the AP exam and the types of questions it asks. This course is P...,On demand,Free
Processing Big Data with Hadoop in Azure HDInsight,"This course is part of the&nbsp; Microsoft Professional Program Certificate in Big Data . 

 More and more organizations are taking on the challenge of analyzing big data. This course teaches you...",Upcoming,Free
First Nights: Beethoven’s 9th Symphony and the 19th Century Orchestra,"Ludwig van Beethoven’s 9th Symphony premiered in Vienna in 1824, and continues to be one of the most popular symphonies in the repertoire. The monumental symphony’s size and complexity stretches tr...",On demand,Free
Foundations of Data Analysis - Part 2: Inferential Statistics,"In the second part of a two part statistics course, we’ll learn how to take data and use it to make reasonable and useful conclusions. You’ll learn the basics of statistical thinking – starting wit...",On demand,Free
Entrepreneurial Land Redevelopment Approach: Land Readjustment,"This course examines and presents processes of designing and implementing land readjustment in the context of developing countries. 

 Land readjustment is an alternative land-assembly approach t...",Upcoming,Free
Accounting for Decision-Making,"In order for a manager to effectively perform their role they must have an understanding of accounting information, as accounting systems generate information that is used by both internal and exte...",Upcoming,Free
"Responsible Innovation: Ethics, Safety and Technology","There is no doubt that technological innovation is one of the key elements driving human progress. 

 However, new technologies also raise ethical questions, have serious implications for society...",Upcoming,Free
Business Analytics for Data-Driven Decision Making,Virtually all managerial and leadership positions in the digital economy increasingly rely on data-driven decision making. Recent studies have shown companies who adopt “Data-Driven Decision Manage...,Upcoming,Free
"Selling Ideas: How to Influence Others, and Get Your Message to Catch On","Word of mouth is 10x as effective as advertising, and companies are shifting more of their marketing dollars to social media and word of mouth marketing as a result. Small businesses and entreprene...",Upcoming,$199
Leading With Effective Communication (Inclusive Leadership Training),"What does it take to inspire others, promote a novel idea, or even have a difficult conversation? How can you position yourself as a leader through inclusive communication? How do you know that the...",In Session,Free
"Proteins: Alignment, Analysis and Structure","Proteins play a very important role in all organisms.&nbsp;In fact, most of the work that happens inside every cell happens because a specific protein is employed for a specific task.&nbsp;Often th...",Upcoming,Free
Learn to Program: Crafting Quality Code,"Not all programs are created equal.  In this course, we'll focus on writing quality code that runs correctly and efficiently.  We'll design, code and validate our programs and learn how to compare ...",Upcoming,Free
The Meaning of Rome: The Renaissance and Baroque City,"We can read a city in a number of ways: in its plan, in the buildings that make its streets and public spaces, in the skyline. We can ask, what are the buildings or spaces saying? How do they say i...",On demand,Free
Programming with Python for Data Science,"This course is part of the   Microsoft Professional Program Certificate in Data Science  . 

 This practical course, developed in partnership with Coding Dojo, targets individuals who have introd...",Upcoming,Free
Masterpieces of World Literature,"This literature course explores how great writers refract their world and how their works are transformed when they intervene in our global cultural landscape today. 

 No national literature has...",In Session,Free
China (Part 6): The Manchus and the Qing Dynasty,"China (Part 6): The Manchus and the Qing Dynasty  is the sixth of ten parts of ChinaX, that collectively span over 6,000 years of history. Each part consists of 4 to 8 weekly ""modules,"" each with v...",On demand,Free
The Conscious Mind - A Philosophical Road Trip,"In ordinary life we barely notice the operations of our own minds. In  The Conscious Mind - A Philosophical Road Trip , we will illuminate what we take for granted in perception, action, and intera...",On demand,Free
Introduction to Business,This Introduction to Business Course uses problem­-based learning that shows you how to apply your knowledge in real­-world situations. Our Many Ways™learning model feature multiple teachers and va...,On demand,$329
Write Better Python,"We've learned the ins and outs of Python. We're comfortable making all sorts of data types, writing functions, and creating classes. But now we need to look at how our Python code should be formatt...",On demand,$25/mo
Build a Simple Dynamic Site with Node.js,"Node.js is a versatile platform for building all sorts of applications. In this course, we're going to make a dynamic website that displays a Treehouse student's profile information by creating a s...",On demand,$25/mo
Gulp Basics,"Gulp.js is a JavaScript taskrunner that allows you to automate important aspects of your development workflow.  With Gulp you can do things like minify and concatenate JavaScript, compile Sass to c...",On demand,$25/mo
Git Basics,"If you’re serious about pursuing a career as a software developer or designer, at some point, you will need to learn a version control system. A VCS is an important, but sometimes overlooked, tool ...",On demand,$25/mo
Computational Probability and Inference,"Probability and inference are used everywhere. For example, they help us&nbsp;figure out which of your emails are spam, what results to show you when you search on Google, how a self-driving car sh...",On demand,Free
The Architectural Imagination,"Architecture engages a culture’s deepest social values and expresses them in material, aesthetic form. In this course, you will learn how to “read” architecture as a cultural expression as well as ...",In Session,Free
Policy Lessons from South Korea's Development,"South Korea presents a compelling story of economic growth. It’s one of few countries that made the transition from a resource-poor, low-income nation to a high-income economy in only three decades...",On demand,Free
Introduction to Applied Biostatistics: Statistics for Medical Research,"Want to learn how to analyze real-world medical data, but unsure where to begin?&nbsp; This Applied Biostatistics course provides an introduction to important topics in medical statistical concepts...",On demand,Free
Introduction to Wines,"This is a self-paced MOOC and it will cover everything about Wine. In this 14 episodes course, students will learn about plant source, understanding the wine label, food matching and many more.  
 ...",On demand,Free
Learn to Paint With Len Hend,"Brush stroke here, brush stroke there, dollops of paints everywhere…   
 Excited to paint but don’t know where to start? Stick around and read along. Because we know you can become an artist painti...",On demand,Free
Crowdfunding Academy,This online training course will equip you with all the information you need to run a successful crowdfunding campaign.,On demand,Free
Astrophysics: Cosmology,"This course covers cosmology – the study of our entire universe. Where did the universe come from? How will it end? What is the nature of space and time?&nbsp; For the first time in human history, ...",On demand,Free
Astrophysics: Exploring Exoplanets,"The discovery of exoplanets is one of the greatest revolutions in modern astrophysics. Twenty years ago, we had no idea whether any of the countless stars out there beyond our solar system had plan...",In Session,Free
Religion and Hip Hop Culture,"What is religion? What is Hip&nbsp;Hop? Are they the same thing? Do they overlap? Over six weeks we’ll get a sense of how some individuals answer these questions, and you’ll get the tools you need ...",On demand,Free
Introduction to Computer Science,"This is  CS50x , Harvard University's introduction to the intellectual enterprises of computer science and the art of programming for majors and non-majors alike, with or without prior programming ...",In Session,Free
The Science of Happiness,"""A free eight-week Science of Happiness course that will offer practical, research-backed tips on living a happy and meaningful life."" &nbsp; - The Huffington Post 

 We all want to be happy, and...",In Session,Free
Maths Essentials for MBA Success,"Planning to study for an MBA but unsure of your basic maths skills? All MBA programs require some maths, particularly on quantitative subjects such as Accounting, Economics and Finance. 

 In thi...",In Session,Free
Supply Chain Technology and Systems,"There are underlying fundamental principles and concepts that apply to all supply chains, which can be expressed in relatively straightforward models. However, to actually implement them across a r...",In Session,Free
Advanced Transport Phenomena,"How can you reduce the energy loss of your home? What is the underlying science of energy loss in pipes? Which heat and mass transfer problems do we have to tackle to make consumer products? 

 I...",In Session,Free
Corporate Financial Policy,This finance course focuses on how a firm should raise funds to finance its projects. Learners will be exposed to a number of important theoretical frameworks to analyze how financial policies can ...,In Session,Free
Preparing for the AP Physics 1 Exam,Get ready to ace your AP Physics 1 exam in this interactive prep course!  Whether you are preparing for an upcoming exam or looking for a more challenging Physics course to add to your current curr...,In Session,Free
Technology Innovation for Sustainable Development,Technology innovation can be a great enabler for development in low and middle-income countries. This course presents a methodology and an approach to develop impactful innovations that have the po...,In Session,Free
How to Survive Your PhD,You need to be smart to begin a PhD - but you need to be resilient to finish one. Between one-quarter and one-third of all research students never finish their degree. The PhD is an emotional journ...,On demand,Free
AP® Italian Language and Culture,"AP® Italian Language and Culture provides students with an interactive learning experience that combines the highest academic standards with the goal of language proficiency. 

 This course suits...",In Session,Free
"Proteins: Alignment, Analysis and Structure","Proteins play a very important role in all organisms.&nbsp;In fact, most of the work that happens inside every cell happens because a specific protein is employed for a specific task.&nbsp;Often th...",In Session,Free
Introduction to Music Theory,Do you have a passion for music and want to learn more about how it works? Are you a musician who learned by ear and has no formal training? Would you like to study music but are unsure of where to...,On demand,Free
Entrepreneurial Opportunities,"Do you have a business idea, but you’re not sure if it’s going to fly? Or maybe you know you want to be an entrepreneur, but you’re not sure where to start? This business course is for anyone aspir...",On demand,Free
"Customs of the World: Using Cultural Intelligence to Adapt, Wherever You Are - DVD, digital video course","When in Rome, do as the Romans do. The concept of cultural adaptation is hardly new, but in our increasingly globalized world, the need for cross-cultural understanding has never been more essentia...",On demand,$254.95
"How to Stay Fit as You Age - DVD, digital video course","As we get older, we discover changes in how our bodies move and  behave—changes that contradict how young we feel on the inside. But you can  make deliberate decisions that can transform your exper...",On demand,$219.95
Business Foundations,"Do you speak “business""? You will. This course is designed to give you the terminology, concepts and frameworks necessary to understand businesses, to unpack their constituent parts, and to build y...",Upcoming,Free
Design and Development of Educational Technology,"To be effective, educational technologies must be designed based on what we know about how people learn. Through interviews with experts in the field, this course explores educational technologies,...",On demand,Free
Computer Science 101,"CS101 teaches the essential ideas of Computer Science for a zero-prior-experience audience. The course uses small coding experiments in the browser to play with the nature of computers, understandi...",On demand,Free
Introduction to Family Engagement in Education,"In this education course, you will learn what family engagement is and why it matters to the success of students and schools. We will explore the research linking family engagement to better educat...",In Session,Free
Supply Chain Analytics,Supply chains are complex systems involving multiple businesses and organizations with different goals and objectives. Many different analytical methods and techniques are used by researchers and p...,In Session,Free
Introduction to Aeronautical Engineering,"This course provides an overview of and introduction to the fundamentals of aeronautics, using the history of aviation as a story line. The course uses examples from the very beginning of aviation ...",In Session,Free
China (Part 2): The Creation and End of Centralized Empire,"China (Part 2): The Creation and End of Centralized Empire  is the second of ten parts of ChinaX, that collectively span over 6,000 years of history. Each part consists of 4 to 8 weekly ""modules,"" ...",On demand,Free
How to Win Coding Competitions: Secrets of Champions,"Want to be the programmer hot tech companies are looking for? 

 Take your programming skills to the next level and prove your excellence by learning how to succeed in programming competitions. 
...",Upcoming,Free
Shylock’s Bond,Harvard professor Stephen Greenblatt (John Cogan University Professor of the Humanities) guides learners through an exploration of Shakespeare’s unforgettable character Shylock in The Merchant of V...,In Session,Free
Introduction to Biomedical Imaging,"Imaging technologies form a significant component of the health budgets of all developed economies, and most people need advanced imaging such as MRIs, X-Rays and CT Scans (or CAT Scans) during the...",In Session,Free
Effective Use of Interactive Whiteboards,"Important Announcement! 
 
On Tuesday, 1 August this course will be transitioned to a new course here on OpenLearning using the most recent interface.  This brings with it a large number of improv...",On demand,Free
Statistics for Business – I,"Statistics is a versatile discipline that has revolutionized the fields of business, engineering, medicine and pure sciences. This course is Part 1 of a 4-part series on Business Statistics, and is...",On demand,Free
International Investment Law,"Are you aware of the controversial situations facing States and foreign investors nowadays in relation to, for instance, the protection of public health and the environment? Do you recall recent ca...",Upcoming,Free
Autonomous Navigation for Flying Robots,"In recent years, flying robots such as miniature helicopters or quadrotors have received a large gain in popularity. Potential applications range from aerial filming over remote visual inspection o...",On demand,Free
Embedded Systems - Shape The World,"Learn how electronic gadgets are designed, developed, and built as embedded systems that shape the world. 

 This is a hands-on, learn-by-doing course that shows you how to build solutions to rea...",On demand,Free
Circuits and Electronics 3: Applications,"Want to learn how your radio works? Wondering how to implement filters using resistors, inductors, and capacitors? Wondering what are some other applications of RLC and CMOS circuits? This free cir...",In Session,Free
Cell Biology: Mitochondria,"The cell is a powerful case study to help us explore the functional logic of living systems. All organisms, from single-celled algae to complex multicellular organisms like us, are made up of cells...",In Session,Free
Fundamentals of Clinical Trials,"This course will provide an introduction to the scientific, statistical, and ethical aspects of clinical trials research. Topics include the design, implementation, and analysis of trials, includin...",On demand,Free
First Nights: Handel’s Messiah and Baroque Oratorio,"While Italian opera set the standard in the Baroque era, German composer George Frederic Handel quickly gained popularity for his oratorios, which put operatic techniques to work in the service of ...",On demand,Free
Master Control in Supply Chain Management and Logistics,Logistics and supply chain structures can be found in virtually any system. A supply chain is a complex environment with a multitude of forces and variables with various degrees of dependence. Unfo...,On demand,Free
Découvrir la science politique,"Le politique nous concerne tous : chaque jour, des décisions publiques sont adoptées qui impactent notre quotidien. Dans quel contexte ces décisions sont-elles adoptées ? Au 21ème siècle, de nombre...",In Session,Free
Backend in Node.js,"You know JavaScript. Now go fullstack in pure JavaScript.

Node.js is the perfect skill to unlock incredible career opportunities for
software developers. Tech companies like Yahoo, Microsoft, L...",On demand,$500
Academic and Business Writing,"College Writing 2.2x continues the introduction to academic and business writing for English Language Learners. In this part of the course, students focus on understanding the demands of different ...",In Session,Free
The Book: Book Sleuthing: What 19th-Century Books Can Tell Us About the Rise of the Reading Public?,Do you love printed paper and wonder how much longer it will survive in the age of ebooks? Are you curious about how the mass-produced modern book emerged in the first place?&nbsp; Come behind the ...,On demand,Free
Global Health Case Studies from a Biosocial Perspective,This introductory global health course aims to frame global health's collection of problems and actions within a particular biosocial perspective. It develops a toolkit of interdisciplinary analyti...,On demand,Free
Fundamentals of Project Planning and Management,"Projects are all around us. Virtually every organization runs projects, either formally or informally. We are engaged in projects at home and at work. Across settings, planning principles and execu...",Upcoming,Free
HTML5 and CSS Fundamentals,"This course was developed in partnership between W3C and Intel®. 

 Learn the basics of Web design and style to give your Web sites a professi onal look and feel.&nbsp;The Intel® XDK team and exp...",In Session,Free
Dying2Learn,"Are death and dying changing in the 21st century?  Is how we think about death changing?  
  
             > Think about the language we use when we talk about dying 
            > Learn about how...",In Session,Free
Minds and Machines,"What is the relationship between the mind and the body? Can computers think? Do we perceive reality as it is? Can there be a science of consciousness? 

 This course explores these questions and ...",Upcoming,Free
Web Development,"Try to picture yourself sitting down with your computer, ready to start developing a fully functional web application for the first time, available online for millions to use. “Where should I even ...",On demand,Free
"Visualizing Japan (1850s-1930s): Westernization, Protest, Modernity",This MITx course was developed in collaboration with HarvardX and is co-taught by MIT and Harvard historians. You will examine Japanese history in a new way—through the images created by those who ...,In Session,Free
The Book: The History of the Book in the 17th and 18th Century Europe,"This module of  The Book: Histories Across Time and Space &nbsp;focuses on the physical qualities of books, the role of books in 17th and 18th century France, and the emergence of literature as a m...",On demand,Free
Language Revival: Securing the Future of Endangered Languages,"Language is an integral part of society. Wherever we come from, the words we use and the way in which we use them are fundamental to our cultural identity. In today’s increasingly globalised world,...",In Session,Free
Aboriginal Worldviews and Education,This course will explore indigenous ways of knowing and how this knowledge can inform education to the benefit of all students.,On demand,Free
Science in Art: The Chemistry of Art Materials and Conservation,"How do artists create visual effects? In order to create an artistic impression, artists select materials that allow image formation, and that lend color, emphasis, shape, and size to the object cr...",On demand,Free
Statistical Inference and Modeling for High-throughput Experiments,"In this course you’ll learn various statistics topics including multiple testing problem, error rates, error rate controlling procedures, false discovery rates, q-values and exploratory data analys...",In Session,Free
Statistical Learning,"This is an introductory-level course in supervised learning, with a focus on regression and classification methods.  The syllabus includes: linear and polynomial regression, logistic regression and...",TBA,Free
"Circuits and Electronics 2: Amplification, Speed, and Delay","Want to learn how to construct an amplifier for mobile phones? Wondering how energy storage elements like capacitors and inductors work, or how to make microchips run faster? This free circuit cour...",In Session,Free
Introduction to Programming for the Visual Arts with p5.js,"This course is an introduction to writing code within the context of the visual arts. It asks two primary questions: 

 What is the potential of software within the visual arts? 
As a designer o...",Upcoming,Free
Chinese Politics Part 1 – China and Political Science,"This course offers a conceptual framework for understanding China that highlights the intersection of politics and economics. It shows that rather than develop into a full blown market economy, sta...",Upcoming,Free
Fundamentals of Neuroscience Part 1: Electrical Properties of the Neuron,"Fundamentals of Neuroscience is a three part course that explores the structure and function of the nervous system -- from the microscopic inner workings of a single nerve cell, to the staggering c...",On demand,Free
How Green Is That Product? An Introduction to Life Cycle Environmental Assessment,"In this course you will learn the basics of the life-cycle assessment (LCA) method for holistic environmental analysis of products, technologies, and systems. LCA sheds light on the environmental i...",On demand,Free
Basic Statistics,"Understanding statistics is essential to understand research in the social and behavioral sciences. In this course you will learn the basics of statistics; not just how to calculate them, but also ...",Upcoming,Free
Digging Deeper: Making Manuscripts,"Digging Deeper: Making Manuscripts  introduces you to the study of early text technologies, focusing principally on the medieval book, but covering other textual objects, too, such as scrolls and d...",TBA,Free
Analyzing Big Data with Microsoft R Server,"This course is part of the   Microsoft Professional Program Certificate in Big Data ,  and the   Microsoft Professional Program Certificate in Data Science  .&nbsp; 

 The open-source programming...",In Session,Free
Artificial Intelligence (AI),"What do self-driving cars, face recognition, web search, industrial robots, missile guidance, and tumor detection have in common? 

 They are all complex real world problems being solved with app...",Upcoming,Free
"HTML, CSS, and Javascript for Web Developers","Do you realize that the only functionality of a web application that the user directly interacts with is through the web page? Implement it poorly and, to the user, the server-side becomes irreleva...",Upcoming,Free
Understanding Plants - Part I: What a Plant Knows,For centuries we have collectively marveled at plant diversity and form—from Charles Darwin’s early fascination with stems and flowers to Seymour Krelborn’s distorted doting in Little Shop of Horro...,Upcoming,Free
Découvrir l'anthropologie,Comment les humains s’organisent-ils en sociétés ? Qu’appelle-t-on « familles » et comment se constituent-elles ? Quel regard et quels types d’analyse l’anthropologie propose-t-elle sur les système...,In Session,Free
Video Game Design History,"Video games as a medium go back more than 50 years to mainframe computers. Even the central design of video games can be traced back to the first games themselves. 

 To be a good game designer, ...",Upcoming,Free
Future Cities,"Understanding a city as a whole, its people, components, functions, scales and dynamics, is crucial for the appropriate design and management of the urban system. While the development of cities in...",In Session,Free
LAFF – On Programming for Correctness,Is my program correct?&nbsp; Will it give the right output for all possible permitted inputs?&nbsp; Computers are now essential in everyday life.&nbsp; Incorrect programs lead to frustration in the...,On demand,Free
Computer Networking - Wired and Wireless Networks and Protocols,The free online course Computer Networking - Wired and Wireless Networks and Protocols introduces you in a step-by-step manner to the structure and function of wired and wireless networks and their...,On demand,Free
Shaping the Future of Work,"The goal of this course is to explore and develop plans of action for improving the job and career opportunities for today and tomorrow’s workforce. At this time, there aren’t enough good jobs or e...",On demand,Free
Tsunamis and Storm Surges: Introduction to Coastal Disasters,"In 2011, a magnitude 9.0 earthquake triggered a major tsunami that devastated northeast Japan, killing more than 15,000 people and crippling a nuclear power plant. 

 Natural disasters like this ...",On demand,Free
Media LIT: Overcoming Information Overload,"Media literacy helps us understand, analyze and create media. While we rely on good journalism to provide accurate information, we also have responsibilities of our own in this media-saturated envi...",On demand,Free
Fundamentals of Neuroscience Part 2: Neurons and Networks,In this second module&nbsp;we will explore how neurons communicate with each other.&nbsp; We will investigate the collective behavior of neurons in small circuits and ways in which signals between ...,On demand,Free
Personal Finance,"Have you ever watched the evening news and wondered what the anchor meant when she said: “…and the Dow closed 50 points in choppy trading today.” 

 Have you ever watched Mad Money on CNBC as the...",On demand,Free
Understanding Classroom Interaction,"Have you ever wondered why some classroom discussions are lively and engaging and others more like painful interrogations? Why some students always have an answer ready, but others never participat...",On demand,Free
Innovating in Health Care,"Problems with healthcare quality, access, and costs bedevil all countries. This course explores how to create successful global business innovations in health care that can better meet consumer and...",On demand,Free
Greeks at War: Homer at Troy,"Homer’s account of the Trojan War in the&nbsp; Iliad &nbsp;explores the effects of warfare&nbsp;upon Greeks and Trojans alike. It illustrates not only the challenges that the&nbsp;combatants faced,...",On demand,Free
The Basics of Transport Phenomena,"Have you ever wondered why ventilation helps to cool down your hot chocolate? Do you know why a surfing suit keeps you warm? Why iron feels cold, while wood feels warm at room temperature? Or how a...",On demand,Free
Engineering Mechanics,"Are you interested in improving your mechanics or introducing yourself to the subject all together? Join our unique course, devised by the Ural Federal University. Through our innovative approach, ...",On demand,Free
Supply Chain Design,"This Supply Chain Design course is part of the  MITx MicroMasters Credential in Supply Chain Management , offered by #1 ranked SCM Master's program at the Massachusetts Institute of Technology. 

...",In Session,Free
People Management for Entrepreneurs,"All entrepreneurs, by definition, are people managers. As founders and owners, they hire people, groom them, motivate them, and harness their talent towards effective management of enterprise. Yet ...",In Session,Free
China (Part 1): Political and Intellectual Foundations: From the Sage Kings to Confucius and the Legalists,"China (Part 1): Political and Intellectual Foundations: From the Sage Kings to Confucius and the Legalists  is the first of ten parts of ChinaX, that collectively span over 6,000 years of history. ...",On demand,Free
MyCS: Computer Science for Beginners,How do computers work? What do computer scientists do? &nbsp;What does it take to make a computer or a computer program work? We answer these questions and more with MyCS: Computer Science for Begi...,On demand,Free
Introduction to Bioethics,Should we clone humans? What should we think of the coming genetic revolution? How much control should we have over how and when we die? When does medical treatment turn into medical enhancement — ...,In Session,Free
Introduction to Computer Numerical Control,"Computer Numerical Control (CNC) Machining is the process through which computers control machine-based processes in manufacturing. The kinds of machines controlled include lathes, mills, routers a...",In Session,Free
Understanding Classroom Interaction,"Have you ever wondered why some classroom discussions are lively and engaging and others more like painful interrogations? Why some students always have an answer ready, but others never participat...",In Session,Free
The Rise of Superheroes and Their Impact On Pop Culture,"Join the Smithsonian, and comic book industry legend Stan Lee, in this self-paced course to explore the history of the comic book and the rise of superheroes. 

 The ancient gods of Egyptian, Gre...",In Session,Free
"China (Part 10): Greater China Today: The People's Republic, Taiwan, and Hong Kong","China (Part 10): Greater China Today: The People's Republic, Taiwan, and Hong Kong  is the tenth of ten parts of ChinaX, that collectively span over 6,000 years of history. Each part consists of 4 ...",On demand,Free
Machine Learning: Clustering & Retrieval,"Case Studies: Finding Similar Documents

A reader is interested in a specific news article and you want to find similar articles to recommend.  What is the right notion of similarity?  Moreover, wh...",Upcoming,Free
The Next Generation of Infrastructure,"We increasingly depend on reliable and affordable supply of energy, water, transport, telecommunication and information services to improve livability and facilitate economic development. However, ...",On demand,Free
Architecting Microsoft Azure Solutions,"Azure is Microsoft’s cloud computing platform, a growing collection of integrated services—analytics, computing, database, mobile, networking, storage, and web—for moving faster, achieving more, an...",Upcoming,Free
Enhancing Teacher Education Through OER,"All over the world, including India, there is an aspiration that every student should be actively engaged in their learning. Achieving this aspiration demands highly skilled teachers and quality te...",On demand,Free
Osteoarchaeology: The Truth in Our Bones,"This course is about what we can learn from examining the human skeleton, and how we can use this knowledge to reconstruct the lives of people who lived in the past. In archaeology and anthropology...",In Session,Free
Introduction to Differential Equations,"Phenomena as diverse as the motion of the planets, the spread of a disease, and the oscillations of a suspension bridge are governed by differential equations. MATH226x is an introduction to the ma...",On demand,Free
"Fundamentals of Photography - DVD, digital video course","Taking great photographs requires you to ""see"" as a professional photographer does; to train your eyes using the same fundamental techniques and principles the experts use to create unforgettable i...",On demand,$269.95
Applied Cryptography,"Cryptography is present in everyday life, from paying with a credit card to using the telephone. Learn all about making and breaking puzzles in computing.",On demand,Free
Data-driven Astronomy,"Science is undergoing a data explosion, and astronomy is leading the way. Modern telescopes produce terabytes of data per observation, and the simulations required to model our observable Universe ...",Upcoming,Free
Genomics: Decoding the Universal Language of Life,"What is a genome? A genome contains all of the information that a cell needs to develop, function, and reproduce itself, and all the information needed for those cells to come together to form a pe...",Upcoming,Free
"Capstone: Retrieving, Processing, and Visualizing Data with Python","In the capstone, students will build a series of applications to retrieve, process and visualize data using Python.   The projects will involve all the elements of the specialization.  In the first...",Upcoming,Free
"English for Science, Technology, Engineering, and Mathematics","Welcome to English for Science, Technology, Engineering, and Mathematics, a course created by the University of Pennsylvania, and funded by the U.S. Department of State Bureau of Educational and Cu...",Upcoming,Free
Learn to Paint with Len Hend ADVANCED,"""Painting is a skill that everyone can learn.""  
  Do you remember these words you heard in  Learn to paint with Len Hend?     They are not only super encouraging but also demonstrating that no mat...",On demand,Free
English Essay Writing,"Being able to write effective, persuasive, and lucid essays is a vital skill
that we all need, irrespective of the subject we study. By following the
tactics and techniques taught in this course,...",On demand,£79.99
Introduction to Programming with Python,Computer programming skills are now becoming part of basic education as these skills are increasingly of vital importance for future job and career prospects. This free online course introduces you...,On demand,Free
"The Everyday Gourmet: Rediscovering the Lost Art of Cooking - DVD, digital video course","It’s rare to find a truly gifted chef who can actually show you how to cook. Now, The Great Courses has joined forces with the prestigious Culinary Institute of America to give you just that. The E...",On demand,$269.95
"The Book: Monasteries, Schools, and Notaries, Part 2: Introduction to the Transitional Gothic Script","Thousands upon thousands of manuscripts written in Latin and other languages remain from the 12th century, when Western Europe saw an unprecedented increase in manuscript production. Of these manus...",On demand,Free
The Book: Making and Meaning in the Medieval Manuscript,"As books “go digital,” we can appreciate what is gained in terms of convenience, accessibility and interconnectedness. However, we should also consider what is lost as texts transition to a digital...",On demand,Free
Early Christianity: The Letters of Paul,"The letters of Paul are the earliest texts in the Christian scriptures, written by a Jew at a time when the word “Christian” hadn’t yet been coined. What is the religious and political context into...",On demand,Free
The Biology of Water and Health – Fundamentals,The Biology of Water and Health from Tufts University is a water sustainability course (PH241x) that examines increasingly critical water-related issues through a distinctly global and interdiscipl...,On demand,Free
Fundamentals of Nanoelectronics: Basic Concepts,"The modern smartphone is enabled by a billion-plus nanotransistors, each having an active region that is barely a few hundred atoms long. Interestingly the same amazing technology has also led to a...",On demand,Free
Ancient Philosophy: Plato & His Predecessors,"What is philosophy?  How does it differ from science, religion, and other modes of human discourse?  This course traces the origins of philosophy in the Western tradition in the thinkers of Ancient...",Upcoming,Free
Introduction to Forensic Science,"## 

 The course addresses four major evidence types: drugs of abuse, DNA, firearms and impression evidence, and discusses these through the exploration of a case-based scenario presented across a ...",Upcoming,Free
Virtual Currencies: A Case Study of Bitcoin,Bitcoin is a type of digital currency that can be used in electronic payment systems. It is a crypto-currency that relies on sophisticated cryptographic methods to create and manage the currency.  ...,On demand,Free
Ancient Philosophy: Aristotle and His Successors,"What is philosophy?  How does it differ from science, religion, and other modes of human discourse?  This course traces the origins of philosophy in the Western tradition in the thinkers of Ancient...",Upcoming,Free
Mechanics: Rotational Dynamics,This course is the third of a series of modules that cover calculus-based mechanics. You will explore rotational motion and learn about the concepts of torque and angular momentum. You will learn a...,Upcoming,Free
Python,"Python is a powerful and expressive language that has very simple syntax. If
you're unsure of which programming language to learn, Python is a great
choice. The language is used in a variety of d...",On demand,Free
"Mechanical Behavior of Materials, Part 1: Linear Elastic Behavior","All around us, engineers are creating materials whose properties are exactly tailored to their purpose. This course is the first of three in a series of mechanics courses from the Department of Mat...",In Session,Free
Our Energetic Earth,"We live on the surface of a dynamic and yet paradoxically stable planet that experiences a remarkable range of energetic phenomena, from waves and currents in the ocean to wind and thunderstorms in...",On demand,Free
TOEFL® Test Preparation: The Insider’s Guide,"This test preparation course, developed by the experts who create, administer and score the TOEFL test, will help English language learners improve their skills. 

 The TOEFL test is the world’s ...",In Session,Free
IELTS Academic Test Preparation,"IELTS  is the world's most popular English language test for those wanting to study in higher education in an English-speaking country. 

 This IELTS course will prepare you to take the IELTS Aca...",In Session,Free
Implementing Predictive Analytics with Spark in Azure HDInsight,"This course is part of the   Microsoft Professional Program Certificate in Data Science ,&nbsp; the&nbsp; Microsoft Professional Program Certificate in Big Data ,&nbsp;and part of the   Microsoft A...",Upcoming,Free
"Myths, Lies, and Half-Truths of Language Usage - DVD, digital video course","In Myths, Lies, and Half-Truths of Language Usage, acclaimed linguist and Professor John McWhorter dispels the cloud of confusion that clings to English and gives you a crystal-clear view of why we...",On demand,$254.95
Anthropology of Current World Issues,This course will allow you to better understand the world around you through utilising the anthropological lens. You will learn about the way in which anthropology as a discipline can shed new pers...,In Session,Free
Introduction to Project Management,Project management is an essential skill-set for many careers and in many contexts in our lives. Introduction to Project Management is an ideal starting point if you need to manage projects at work...,In Session,Free
Humanitarian Response to Conflict and Disaster,"From the Syrian refugee crisis to the West Africa Ebola outbreak, humanitarian emergencies have reached unprecedented dimensions and proportions. As need for humanitarian aid grows, how can efforts...",TBA,Free
AP® Biology - Part 1: The Cell,Preparing for the AP Biology exam requires a deep understanding of many different topics in biology as well as an understanding of the format of the AP exam and the types of questions it asks.&nbsp...,On demand,Free
Business Writing,Writing well is one of the most important skills you can learn for success in the business world. Knowing how to write well allows you to deliver your ideas with the power they deserve. Good writin...,Upcoming,Free


